Skor_Utbk,Program_Studi,Status
615.89,Fisika,Tidak Lolos
615.67,Fisika,Tidak Lolos
601,Fisika,Tidak Lolos
600.67,Fisika,Tidak Lolos
599.67,Fisika,Tidak Lolos
589.56,Fisika,Tidak Lolos
588.22,Fisika,Tidak Lolos
586.44,Fisika,Tidak Lolos
586.33,Fisika,Tidak Lolos
584.33,Fisika,Tidak Lolos
400,Fisika,Tidak Lolos
540,Fisika,Tidak Lolos
550,Fisika,Tidak Lolos
560,Fisika,Tidak Lolos
570,Fisika,Tidak Lolos
580,Fisika,Tidak Lolos
590,Fisika,Tidak Lolos
600,Fisika,Tidak Lolos
610,Fisika,Tidak Lolos
620,Fisika,Tidak Lolos
630,Fisika,Tidak Lolos
640,Fisika,Tidak Lolos
650,Fisika,Tidak Lolos
660,Fisika,Tidak Lolos
670,Fisika,Tidak Lolos
410,Fisika,Tidak Lolos
430,Fisika,Tidak Lolos
470,Fisika,Tidak Lolos
490,Fisika,Tidak Lolos
450,Fisika,Tidak Lolos
676,Fisika,Lolos
677,Fisika,Lolos
678,Fisika,Lolos
679,Fisika,Lolos
680,Fisika,Lolos
690,Fisika,Lolos
700,Fisika,Lolos
705,Fisika,Lolos
710,Fisika,Lolos
715,Fisika,Lolos
720,Fisika,Lolos
725,Fisika,Lolos
730,Fisika,Lolos
735,Fisika,Lolos
740,Fisika,Lolos
745,Fisika,Lolos
750,Fisika,Lolos
755,Fisika,Lolos
760,Fisika,Lolos
765,Fisika,Lolos
720,Pendidikan Fisika,Lolos
710,Pendidikan Fisika,Lolos
700,Pendidikan Fisika,Lolos
690,Pendidikan Fisika,Lolos
680,Pendidikan Fisika,Lolos
610,Pendidikan Fisika,Lolos
620,Pendidikan Fisika,Lolos
630,Pendidikan Fisika,Lolos
640,Pendidikan Fisika,Lolos
650,Pendidikan Fisika,Lolos
660,Pendidikan Fisika,Lolos
670,Pendidikan Fisika,Lolos
600,Pendidikan Fisika,Lolos
590,Pendidikan Fisika,Lolos
580,Pendidikan Fisika,Lolos
584.22,Pendidikan Fisika,Lolos
583.78,Pendidikan Fisika,Lolos
578,Pendidikan Fisika,Lolos
577,Pendidikan Fisika,Lolos
576.89,Pendidikan Fisika,Lolos
576.56,Pendidikan Fisika,Lolos
574.11,Pendidikan Fisika,Lolos
573.67,Pendidikan Fisika,Lolos
573.33,Pendidikan Fisika,Lolos
573.22,Pendidikan Fisika,Lolos
569,Pendidikan Fisika,Lolos
570,Pendidikan Fisika,Lolos
571,Pendidikan Fisika,Lolos
572,Pendidikan Fisika,Lolos
573,Pendidikan Fisika,Lolos
564,Pendidikan Fisika,Tidak Lolos
565,Pendidikan Fisika,Tidak Lolos
566,Pendidikan Fisika,Tidak Lolos
567,Pendidikan Fisika,Tidak Lolos
420,Pendidikan Fisika,Tidak Lolos
430,Pendidikan Fisika,Tidak Lolos
440,Pendidikan Fisika,Tidak Lolos
450,Pendidikan Fisika,Tidak Lolos
460,Pendidikan Fisika,Tidak Lolos
470,Pendidikan Fisika,Tidak Lolos
480,Pendidikan Fisika,Tidak Lolos
490,Pendidikan Fisika,Tidak Lolos
500,Pendidikan Fisika,Tidak Lolos
505,Pendidikan Fisika,Tidak Lolos
510,Pendidikan Fisika,Tidak Lolos
520,Pendidikan Fisika,Tidak Lolos
530,Pendidikan Fisika,Tidak Lolos
540,Pendidikan Fisika,Tidak Lolos
550,Pendidikan Fisika,Tidak Lolos
568,Pendidikan Fisika,Tidak Lolos
740,Pendidikan Biologi,Lolos
730,Pendidikan Biologi,Lolos
720,Pendidikan Biologi,Lolos
710,Pendidikan Biologi,Lolos
700,Pendidikan Biologi,Lolos
690,Pendidikan Biologi,Lolos
680,Pendidikan Biologi,Lolos
670,Pendidikan Biologi,Lolos
660,Pendidikan Biologi,Lolos
650,Pendidikan Biologi,Lolos
640,Pendidikan Biologi,Lolos
630,Pendidikan Biologi,Lolos
620,Pendidikan Biologi,Lolos
610,Pendidikan Biologi,Lolos
605,Pendidikan Biologi,Lolos
440,Pendidikan Biologi,Tidak Lolos
450,Pendidikan Biologi,Tidak Lolos
460,Pendidikan Biologi,Tidak Lolos
470,Pendidikan Biologi,Tidak Lolos
480,Pendidikan Biologi,Tidak Lolos
490,Pendidikan Biologi,Tidak Lolos
500,Pendidikan Biologi,Tidak Lolos
510,Pendidikan Biologi,Tidak Lolos
520,Pendidikan Biologi,Tidak Lolos
530,Pendidikan Biologi,Tidak Lolos
540,Pendidikan Biologi,Tidak Lolos
550,Pendidikan Biologi,Tidak Lolos
560,Pendidikan Biologi,Tidak Lolos
570,Pendidikan Biologi,Tidak Lolos
580,Pendidikan Biologi,Tidak Lolos
573,Pendidikan Biologi,Tidak Lolos
572.33,Pendidikan Biologi,Tidak Lolos
571.22,Pendidikan Biologi,Tidak Lolos
568.78,Pendidikan Biologi,Tidak Lolos
568.22,Pendidikan Biologi,Tidak Lolos
564.44,Pendidikan Biologi,Tidak Lolos
559.44,Pendidikan Biologi,Tidak Lolos
559,Pendidikan Biologi,Tidak Lolos
559,Pendidikan Biologi,Tidak Lolos
557.56,Pendidikan Biologi,Tidak Lolos
593,Pendidikan Biologi,Tidak Lolos
594,Pendidikan Biologi,Tidak Lolos
595,Pendidikan Biologi,Tidak Lolos
596,Pendidikan Biologi,Tidak Lolos
597,Pendidikan Biologi,Tidak Lolos
598,Pendidikan Biologi,Lolos
599,Pendidikan Biologi,Lolos
600,Pendidikan Biologi,Lolos
601,Pendidikan Biologi,Lolos
602,Pendidikan Biologi,Lolos
590,Biologi,Lolos
600,Biologi,Lolos
610,Biologi,Lolos
615,Biologi,Lolos
620,Biologi,Lolos
630,Biologi,Lolos
640,Biologi,Lolos
650,Biologi,Lolos
660,Biologi,Lolos
670,Biologi,Lolos
680,Biologi,Lolos
690,Biologi,Lolos
700,Biologi,Lolos
720,Biologi,Lolos
730,Biologi,Lolos
440,Biologi,Tidak Lolos
450,Biologi,Tidak Lolos
460,Biologi,Tidak Lolos
470,Biologi,Tidak Lolos
480,Biologi,Tidak Lolos
490,Biologi,Tidak Lolos
500,Biologi,Tidak Lolos
510,Biologi,Tidak Lolos
520,Biologi,Tidak Lolos
530,Biologi,Tidak Lolos
540,Biologi,Tidak Lolos
550,Biologi,Tidak Lolos
560,Biologi,Tidak Lolos
570,Biologi,Tidak Lolos
580,Biologi,Tidak Lolos
554.67,Biologi,Tidak Lolos
553.56,Biologi,Tidak Lolos
550.78,Biologi,Tidak Lolos
549.56,Biologi,Tidak Lolos
548.11,Biologi,Tidak Lolos
544.67,Biologi,Tidak Lolos
544.22,Biologi,Tidak Lolos
543.67,Biologi,Tidak Lolos
543.11,Biologi,Tidak Lolos
541.56,Biologi,Tidak Lolos
582,Biologi,Lolos
583,Biologi,Lolos
584,Biologi,Lolos
585,Biologi,Lolos
586,Biologi,Lolos
577,Biologi,Tidak Lolos
578,Biologi,Tidak Lolos
579,Biologi,Tidak Lolos
580,Biologi,Tidak Lolos
581,Biologi,Tidak Lolos
400,Farmasi,Tidak Lolos
500,Farmasi,Tidak Lolos
510,Farmasi,Tidak Lolos
520,Farmasi,Tidak Lolos
530,Farmasi,Tidak Lolos
540,Farmasi,Tidak Lolos
550,Farmasi,Tidak Lolos
560,Farmasi,Tidak Lolos
570,Farmasi,Tidak Lolos
580,Farmasi,Tidak Lolos
590,Farmasi,Tidak Lolos
600,Farmasi,Tidak Lolos
610,Farmasi,Tidak Lolos
620,Farmasi,Tidak Lolos
630,Farmasi,Tidak Lolos
773,Farmasi,Lolos
777,Farmasi,Lolos
774,Farmasi,Lolos
776,Farmasi,Lolos
775,Farmasi,Lolos
770,Farmasi,Lolos
765,Farmasi,Lolos
760,Farmasi,Lolos
750,Farmasi,Lolos
740,Farmasi,Lolos
730,Farmasi,Lolos
720,Farmasi,Lolos
710,Farmasi,Lolos
700,Farmasi,Lolos
690,Farmasi,Lolos
680,Farmasi,Lolos
670,Farmasi,Lolos
660,Farmasi,Lolos
540.78,Farmasi,Tidak Lolos
540.78,Farmasi,Tidak Lolos
537.67,Farmasi,Tidak Lolos
537.33,Farmasi,Tidak Lolos
536.89,Farmasi,Tidak Lolos
535.44,Farmasi,Tidak Lolos
635,Farmasi,Tidak Lolos
636,Farmasi,Tidak Lolos
637,Farmasi,Tidak Lolos
638,Farmasi,Tidak Lolos
646,Farmasi,Lolos
647,Farmasi,Lolos
648,Farmasi,Lolos
649,Farmasi,Lolos
650,Farmasi,Lolos
639,Farmasi,Tidak Lolos
640,Farmasi,Tidak Lolos
641,Farmasi,Tidak Lolos
642,Farmasi,Tidak Lolos
643,Farmasi,Tidak Lolos
600,Sistem Informasi,Lolos
610,Sistem Informasi,Lolos
620,Sistem Informasi,Lolos
630,Sistem Informasi,Lolos
640,Sistem Informasi,Lolos
650,Sistem Informasi,Lolos
660,Sistem Informasi,Lolos
670,Sistem Informasi,Lolos
680,Sistem Informasi,Lolos
690,Sistem Informasi,Lolos
700,Sistem Informasi,Lolos
710,Sistem Informasi,Lolos
720,Sistem Informasi,Lolos
730,Sistem Informasi,Lolos
430,Sistem Informasi,Tidak Lolos
440,Sistem Informasi,Tidak Lolos
450,Sistem Informasi,Tidak Lolos
460,Sistem Informasi,Tidak Lolos
470,Sistem Informasi,Tidak Lolos
480,Sistem Informasi,Tidak Lolos
490,Sistem Informasi,Tidak Lolos
500,Sistem Informasi,Tidak Lolos
510,Sistem Informasi,Tidak Lolos
520,Sistem Informasi,Tidak Lolos
530,Sistem Informasi,Tidak Lolos
540,Sistem Informasi,Tidak Lolos
550,Sistem Informasi,Tidak Lolos
560,Sistem Informasi,Tidak Lolos
570,Sistem Informasi,Tidak Lolos
580,Sistem Informasi,Tidak Lolos
530.11,Sistem Informasi,Tidak Lolos
529.56,Sistem Informasi,Tidak Lolos
528.11,Sistem Informasi,Tidak Lolos
527.44,Sistem Informasi,Tidak Lolos
527.22,Sistem Informasi,Tidak Lolos
527.22,Sistem Informasi,Tidak Lolos
526.67,Sistem Informasi,Tidak Lolos
526.56,Sistem Informasi,Tidak Lolos
525.67,Sistem Informasi,Tidak Lolos
525.44,Sistem Informasi,Tidak Lolos
590,Sistem Informasi,Tidak Lolos
591,Sistem Informasi,Tidak Lolos
592,Sistem Informasi,Tidak Lolos
593,Sistem Informasi,Tidak Lolos
594,Sistem Informasi,Tidak Lolos
595,Sistem Informasi,Lolos
596,Sistem Informasi,Lolos
597,Sistem Informasi,Lolos
598,Sistem Informasi,Lolos
599,Sistem Informasi,Lolos
575,Kimia,Lolos
580,Kimia,Lolos
585,Kimia,Lolos
590,Kimia,Lolos
595,Kimia,Lolos
600,Kimia,Lolos
605,Kimia,Lolos
610,Kimia,Lolos
620,Kimia,Lolos
630,Kimia,Lolos
640,Kimia,Lolos
650,Kimia,Lolos
660,Kimia,Lolos
670,Kimia,Lolos
680,Kimia,Lolos
560,Kimia,Tidak Lolos
550,Kimia,Tidak Lolos
540,Kimia,Tidak Lolos
530,Kimia,Tidak Lolos
520,Kimia,Tidak Lolos
510,Kimia,Tidak Lolos
500,Kimia,Tidak Lolos
490,Kimia,Tidak Lolos
480,Kimia,Tidak Lolos
470,Kimia,Tidak Lolos
460,Kimia,Tidak Lolos
450,Kimia,Tidak Lolos
440,Kimia,Tidak Lolos
430,Kimia,Tidak Lolos
420,Kimia,Tidak Lolos
486.78,Kimia,Tidak Lolos
484.89,Kimia,Tidak Lolos
484.67,Kimia,Tidak Lolos
483.33,Kimia,Tidak Lolos
482.78,Kimia,Tidak Lolos
481.11,Kimia,Tidak Lolos
480.78,Kimia,Tidak Lolos
480.44,Kimia,Tidak Lolos
479.67,Kimia,Tidak Lolos
479.56,Kimia,Tidak Lolos
565,Kimia,Tidak Lolos
566,Kimia,Tidak Lolos
567,Kimia,Tidak Lolos
568,Kimia,Tidak Lolos
569,Kimia,Tidak Lolos
570,Kimia,Lolos
571,Kimia,Lolos
572,Kimia,Lolos
573,Kimia,Lolos
574,Kimia,Lolos
710,Pendidikan Kimia,Lolos
700,Pendidikan Kimia,Lolos
690,Pendidikan Kimia,Lolos
680,Pendidikan Kimia,Lolos
670,Pendidikan Kimia,Lolos
660,Pendidikan Kimia,Lolos
650,Pendidikan Kimia,Lolos
640,Pendidikan Kimia,Lolos
630,Pendidikan Kimia,Lolos
620,Pendidikan Kimia,Lolos
610,Pendidikan Kimia,Lolos
600,Pendidikan Kimia,Lolos
750,Pendidikan Kimia,Lolos
730,Pendidikan Kimia,Lolos
570,Pendidikan Kimia,Lolos
410,Pendidikan Kimia,Tidak Lolos
420,Pendidikan Kimia,Tidak Lolos
430,Pendidikan Kimia,Tidak Lolos
440,Pendidikan Kimia,Tidak Lolos
450,Pendidikan Kimia,Tidak Lolos
460,Pendidikan Kimia,Tidak Lolos
470,Pendidikan Kimia,Tidak Lolos
480,Pendidikan Kimia,Tidak Lolos
490,Pendidikan Kimia,Tidak Lolos
500,Pendidikan Kimia,Tidak Lolos
510,Pendidikan Kimia,Tidak Lolos
520,Pendidikan Kimia,Tidak Lolos
530,Pendidikan Kimia,Tidak Lolos
540,Pendidikan Kimia,Tidak Lolos
550,Pendidikan Kimia,Tidak Lolos
496.78,Pendidikan Kimia,Tidak Lolos
494.56,Pendidikan Kimia,Tidak Lolos
493.67,Pendidikan Kimia,Tidak Lolos
493,Pendidikan Kimia,Tidak Lolos
491.89,Pendidikan Kimia,Tidak Lolos
491.11,Pendidikan Kimia,Tidak Lolos
490.78,Pendidikan Kimia,Tidak Lolos
490.56,Pendidikan Kimia,Tidak Lolos
489.67,Pendidikan Kimia,Tidak Lolos
487.67,Pendidikan Kimia,Tidak Lolos
558,Pendidikan Kimia,Tidak Lolos
559,Pendidikan Kimia,Tidak Lolos
560,Pendidikan Kimia,Tidak Lolos
561,Pendidikan Kimia,Tidak Lolos
562,Pendidikan Kimia,Tidak Lolos
563,Pendidikan Kimia,Lolos
564,Pendidikan Kimia,Lolos
565,Pendidikan Kimia,Lolos
566,Pendidikan Kimia,Lolos
567,Pendidikan Kimia,Lolos
665,Pendidikan Matematika,Lolos
670,Pendidikan Matematika,Lolos
680,Pendidikan Matematika,Lolos
690,Pendidikan Matematika,Lolos
700,Pendidikan Matematika,Lolos
710,Pendidikan Matematika,Lolos
720,Pendidikan Matematika,Lolos
730,Pendidikan Matematika,Lolos
740,Pendidikan Matematika,Lolos
750,Pendidikan Matematika,Lolos
760,Pendidikan Matematika,Lolos
770,Pendidikan Matematika,Lolos
780,Pendidikan Matematika,Lolos
790,Pendidikan Matematika,Lolos
675,Pendidikan Matematika,Lolos
650,Pendidikan Matematika,Tidak Lolos
630,Pendidikan Matematika,Tidak Lolos
610,Pendidikan Matematika,Tidak Lolos
590,Pendidikan Matematika,Tidak Lolos
570,Pendidikan Matematika,Tidak Lolos
550,Pendidikan Matematika,Tidak Lolos
530,Pendidikan Matematika,Tidak Lolos
510,Pendidikan Matematika,Tidak Lolos
490,Pendidikan Matematika,Tidak Lolos
470,Pendidikan Matematika,Tidak Lolos
450,Pendidikan Matematika,Tidak Lolos
430,Pendidikan Matematika,Tidak Lolos
620,Pendidikan Matematika,Tidak Lolos
550,Pendidikan Matematika,Tidak Lolos
635,Pendidikan Matematika,Tidak Lolos
478.56,Pendidikan Matematika,Tidak Lolos
477.78,Pendidikan Matematika,Tidak Lolos
475.78,Pendidikan Matematika,Tidak Lolos
468.44,Pendidikan Matematika,Tidak Lolos
467.67,Pendidikan Matematika,Tidak Lolos
467.67,Pendidikan Matematika,Tidak Lolos
467.67,Pendidikan Matematika,Tidak Lolos
461.56,Pendidikan Matematika,Tidak Lolos
460.44,Pendidikan Matematika,Tidak Lolos
455.44,Pendidikan Matematika,Tidak Lolos
654,Pendidikan Matematika,Tidak Lolos
655,Pendidikan Matematika,Tidak Lolos
656,Pendidikan Matematika,Tidak Lolos
657,Pendidikan Matematika,Tidak Lolos
658,Pendidikan Matematika,Tidak Lolos
659,Pendidikan Matematika,Lolos
660,Pendidikan Matematika,Lolos
661,Pendidikan Matematika,Lolos
662,Pendidikan Matematika,Lolos
663,Pendidikan Matematika,Lolos
605,Matematika,Lolos
610,Matematika,Lolos
620,Matematika,Lolos
630,Matematika,Lolos
640,Matematika,Lolos
650,Matematika,Lolos
660,Matematika,Lolos
670,Matematika,Lolos
680,Matematika,Lolos
690,Matematika,Lolos
700,Matematika,Lolos
710,Matematika,Lolos
720,Matematika,Lolos
730,Matematika,Lolos
740,Matematika,Lolos
590,Matematika,Tidak Lolos
580,Matematika,Tidak Lolos
570,Matematika,Tidak Lolos
560,Matematika,Tidak Lolos
550,Matematika,Tidak Lolos
540,Matematika,Tidak Lolos
530,Matematika,Tidak Lolos
520,Matematika,Tidak Lolos
510,Matematika,Tidak Lolos
500,Matematika,Tidak Lolos
490,Matematika,Tidak Lolos
480,Matematika,Tidak Lolos
470,Matematika,Tidak Lolos
460,Matematika,Tidak Lolos
450,Matematika,Tidak Lolos
501.67,Matematika,Tidak Lolos
501.56,Matematika,Tidak Lolos
500.89,Matematika,Tidak Lolos
500.33,Matematika,Tidak Lolos
498.67,Matematika,Tidak Lolos
498.67,Matematika,Tidak Lolos
497.78,Matematika,Tidak Lolos
497.22,Matematika,Tidak Lolos
496.78,Matematika,Tidak Lolos
496.78,Matematika,Tidak Lolos
594,Matematika,Tidak Lolos
595,Matematika,Tidak Lolos
596,Matematika,Tidak Lolos
597,Matematika,Tidak Lolos
598,Matematika,Tidak Lolos
599,Matematika,Lolos
600,Matematika,Lolos
601,Matematika,Lolos
602,Matematika,Lolos
603,Matematika,Lolos
600,Pendidikan IPA,Lolos
605,Pendidikan IPA,Lolos
610,Pendidikan IPA,Lolos
615,Pendidikan IPA,Lolos
620,Pendidikan IPA,Lolos
625,Pendidikan IPA,Lolos
630,Pendidikan IPA,Lolos
635,Pendidikan IPA,Lolos
640,Pendidikan IPA,Lolos
645,Pendidikan IPA,Lolos
650,Pendidikan IPA,Lolos
660,Pendidikan IPA,Lolos
670,Pendidikan IPA,Lolos
680,Pendidikan IPA,Lolos
690,Pendidikan IPA,Lolos
450,Pendidikan IPA,Tidak Lolos
460,Pendidikan IPA,Tidak Lolos
470,Pendidikan IPA,Tidak Lolos
480,Pendidikan IPA,Tidak Lolos
490,Pendidikan IPA,Tidak Lolos
500,Pendidikan IPA,Tidak Lolos
510,Pendidikan IPA,Tidak Lolos
520,Pendidikan IPA,Tidak Lolos
530,Pendidikan IPA,Tidak Lolos
540,Pendidikan IPA,Tidak Lolos
550,Pendidikan IPA,Tidak Lolos
560,Pendidikan IPA,Tidak Lolos
570,Pendidikan IPA,Tidak Lolos
580,Pendidikan IPA,Tidak Lolos
585,Pendidikan IPA,Tidak Lolos
516.89,Pendidikan IPA,Tidak Lolos
516.67,Pendidikan IPA,Tidak Lolos
516.44,Pendidikan IPA,Tidak Lolos
515.44,Pendidikan IPA,Tidak Lolos
515,Pendidikan IPA,Tidak Lolos
512.56,Pendidikan IPA,Tidak Lolos
509.11,Pendidikan IPA,Tidak Lolos
507.44,Pendidikan IPA,Tidak Lolos
504.11,Pendidikan IPA,Tidak Lolos
502,Pendidikan IPA,Tidak Lolos
589,Pendidikan IPA,Tidak Lolos
590,Pendidikan IPA,Tidak Lolos
591,Pendidikan IPA,Tidak Lolos
592,Pendidikan IPA,Tidak Lolos
593,Pendidikan IPA,Tidak Lolos
594,Pendidikan IPA,Lolos
595,Pendidikan IPA,Lolos
596,Pendidikan IPA,Lolos
597,Pendidikan IPA,Lolos
598,Pendidikan IPA,Lolos
590,Ilmu Lingkungan,Lolos
600,Ilmu Lingkungan,Lolos
610,Ilmu Lingkungan,Lolos
620,Ilmu Lingkungan,Lolos
630,Ilmu Lingkungan,Lolos
640,Ilmu Lingkungan,Lolos
645,Ilmu Lingkungan,Lolos
650,Ilmu Lingkungan,Lolos
660,Ilmu Lingkungan,Lolos
665,Ilmu Lingkungan,Lolos
670,Ilmu Lingkungan,Lolos
685,Ilmu Lingkungan,Lolos
680,Ilmu Lingkungan,Lolos
690,Ilmu Lingkungan,Lolos
695,Ilmu Lingkungan,Lolos
570,Ilmu Lingkungan,Tidak Lolos
560,Ilmu Lingkungan,Tidak Lolos
550,Ilmu Lingkungan,Tidak Lolos
540,Ilmu Lingkungan,Tidak Lolos
530,Ilmu Lingkungan,Tidak Lolos
520,Ilmu Lingkungan,Tidak Lolos
510,Ilmu Lingkungan,Tidak Lolos
500,Ilmu Lingkungan,Tidak Lolos
490,Ilmu Lingkungan,Tidak Lolos
480,Ilmu Lingkungan,Tidak Lolos
470,Ilmu Lingkungan,Tidak Lolos
460,Ilmu Lingkungan,Tidak Lolos
450,Ilmu Lingkungan,Tidak Lolos
440,Ilmu Lingkungan,Tidak Lolos
430,Ilmu Lingkungan,Tidak Lolos
453,Ilmu Lingkungan,Tidak Lolos
452.11,Ilmu Lingkungan,Tidak Lolos
450.11,Ilmu Lingkungan,Tidak Lolos
446,Ilmu Lingkungan,Tidak Lolos
445.44,Ilmu Lingkungan,Tidak Lolos
441.67,Ilmu Lingkungan,Tidak Lolos
440.67,Ilmu Lingkungan,Tidak Lolos
440.33,Ilmu Lingkungan,Tidak Lolos
439,Ilmu Lingkungan,Tidak Lolos
438.11,Ilmu Lingkungan,Tidak Lolos
575,Ilmu Lingkungan,Tidak Lolos
576,Ilmu Lingkungan,Tidak Lolos
577,Ilmu Lingkungan,Tidak Lolos
578,Ilmu Lingkungan,Tidak Lolos
579,Ilmu Lingkungan,Tidak Lolos
580,Ilmu Lingkungan,Lolos
581,Ilmu Lingkungan,Lolos
582,Ilmu Lingkungan,Lolos
583,Ilmu Lingkungan,Lolos
584,Ilmu Lingkungan,Lolos
590,Teknik Informatika,Tidak Lolos
580,Teknik Informatika,Tidak Lolos
570,Teknik Informatika,Tidak Lolos
560,Teknik Informatika,Tidak Lolos
550,Teknik Informatika,Tidak Lolos
540,Teknik Informatika,Tidak Lolos
530,Teknik Informatika,Tidak Lolos
520,Teknik Informatika,Tidak Lolos
510,Teknik Informatika,Tidak Lolos
500,Teknik Informatika,Tidak Lolos
490,Teknik Informatika,Tidak Lolos
480,Teknik Informatika,Tidak Lolos
470,Teknik Informatika,Tidak Lolos
460,Teknik Informatika,Tidak Lolos
450,Teknik Informatika,Tidak Lolos
440,Teknik Informatika,Tidak Lolos
600,Teknik Informatika,Lolos
610,Teknik Informatika,Lolos
620,Teknik Informatika,Lolos
630,Teknik Informatika,Lolos
640,Teknik Informatika,Lolos
650,Teknik Informatika,Lolos
660,Teknik Informatika,Lolos
670,Teknik Informatika,Lolos
680,Teknik Informatika,Lolos
690,Teknik Informatika,Lolos
700,Teknik Informatika,Lolos
710,Teknik Informatika,Lolos
720,Teknik Informatika,Lolos
730,Teknik Informatika,Lolos
740,Teknik Informatika,Lolos
591,Teknik Informatika,Tidak Lolos
592,Teknik Informatika,Tidak Lolos
593,Teknik Informatika,Tidak Lolos
594,Teknik Informatika,Tidak Lolos
595,Teknik Informatika,Lolos
596,Teknik Informatika,Lolos
597,Teknik Informatika,Lolos
598,Teknik Informatika,Lolos
599,Teknik Informatika,Lolos
437.33,Teknik Informatika,Tidak Lolos
436.22,Teknik Informatika,Tidak Lolos
435.44,Teknik Informatika,Tidak Lolos
432.78,Teknik Informatika,Tidak Lolos
431.67,Teknik Informatika,Tidak Lolos
431.11,Teknik Informatika,Tidak Lolos
427.11,Teknik Informatika,Tidak Lolos
427,Teknik Informatika,Tidak Lolos
425.33,Teknik Informatika,Tidak Lolos
422.22,Teknik Informatika,Tidak Lolos
524.44,Fisika,Tidak Lolos
524,Pendidikan Fisika,Tidak Lolos
523.78,Pendidikan Biologi,Tidak Lolos
523.67,Biologi,Tidak Lolos
521.78,Farmasi,Tidak Lolos
520.56,Sistem Informasi,Tidak Lolos
520.11,Kimia,Tidak Lolos
519.56,Pendidikan Kimia,Tidak Lolos
518.67,Pendidikan Matematika,Tidak Lolos
518.44,Matematika,Tidak Lolos
517.33,Pendidikan IPA,Tidak Lolos
