Program_Studi,Status,Bahasa_Indonesia,Bahasa_Inggris,Biologi,Fisika,Kimia,Matematika
Fisika,Tidak Lolos,88,77,88,78,78,88
Fisika,Tidak Lolos,89,75,85,89,78,85
Fisika,Tidak Lolos,88,86,88,85,76,79
Fisika,Tidak Lolos,85,82,85,88,79,82
Fisika,Tidak Lolos,77,81,79,89,75,92
Fisika,Lolos,75,80,88,85,90,88
Fisika,Lolos,90,90,86,87,85,86
Fisika,Lolos,87,88,89,85,88,85
Fisika,Lolos,90,90,88,87,88,89
Fisika,Lolos,87,89,88,85,88,90
Pendidikan Fisika,Lolos,89,88,89,90,93,90
Pendidikan Fisika,Lolos,88,86,89,87,87,92
Pendidikan Fisika,Lolos,79,80,82,88,89,90
Pendidikan Fisika,Lolos,88,86,80,88,87,80
Pendidikan Fisika,Lolos,84,88,89,90,91,78
Pendidikan Fisika,Tidak Lolos,79,79,80,88,87,80
Pendidikan Fisika,Tidak Lolos,90,88,79,77,76,80
Pendidikan Fisika,Tidak Lolos,80,86,76,89,79,87
Pendidikan Fisika,Tidak Lolos,80,85,83,85,79,87
Pendidikan Fisika,Tidak Lolos,83,80,81,88,86,79
Pendidikan Biologi,Tidak Lolos,80,80,81,88,79,78
Pendidikan Biologi,Tidak Lolos,91,88,92,78,79,77
Pendidikan Biologi,Tidak Lolos,89,88,80,88,85,82
Pendidikan Biologi,Tidak Lolos,86,82,88,87,84,90
Pendidikan Biologi,Tidak Lolos,87,89,85,85,88,82
Pendidikan Biologi,Lolos,91,92,88,87,84,90
Pendidikan Biologi,Lolos,92,91,89,90,88,87
Pendidikan Biologi,Lolos,92,89,91,89,91,88
Pendidikan Biologi,Lolos,93,90,87,82,88,89
Pendidikan Biologi,Lolos,88,85,91,84,92,89
Biologi,Lolos,88,89,92,91,87,87
Biologi,Lolos,87,80,79,93,90,83
Biologi,Lolos,93,90,88,87,91,88
Biologi,Lolos,86,88,89,87,81,81
Biologi,Lolos,89,90,90,88,78,87
Biologi,Tidak Lolos,79,83,81,80,82,83
Biologi,Tidak Lolos,80,80,89,87,83,82
Biologi,Tidak Lolos,89,88,79,81,82,85
Biologi,Tidak Lolos,92,89,79,78,80,88
Biologi,Tidak Lolos,89,87,76,79,88,90
Farmasi,Lolos,96,90,92,89,87,88
Farmasi,Lolos,87,80,89,92,88,96
Farmasi,Lolos,88,92,89,90,93,94
Farmasi,Lolos,89,89,92,95,90,89
Farmasi,Lolos,90,89,86,88,90,89
Farmasi,Tidak Lolos,80,88,84,82,83,88
Farmasi,Tidak Lolos,89,80,83,86,87,82
Farmasi,Tidak Lolos,88,89,90,81,80,80
Farmasi,Tidak Lolos,87,85,84,85,80,85
Farmasi,Tidak Lolos,89,89,85,89,84,81
Sistem Informasi,Tidak Lolos,89,88,87,83,80,83
Sistem Informasi,Tidak Lolos,87,86,87,80,84,88
Sistem Informasi,Tidak Lolos,79,77,89,83,79,81
Sistem Informasi,Tidak Lolos,80,88,78,86,79,81
Sistem Informasi,Tidak Lolos,89,81,80,78,77,92
Sistem Informasi,Lolos,89,88,87,83,84,83
Sistem Informasi,Lolos,90,86,87,80,84,88
Sistem Informasi,Lolos,90,90,92,94,89,88
Sistem Informasi,Lolos,93,88,90,93,91,94
Sistem Informasi,Lolos,89,93,88,91,90,88
Kimia,Tidak Lolos,82,84,80,85,89,80
Kimia,Tidak Lolos,81,79,85,83,85,87
Kimia,Tidak Lolos,79,78,80,81,79,88
Kimia,Tidak Lolos,80,80,78,79,78,88
Kimia,Tidak Lolos,78,89,79,83,84,88
Kimia,Lolos,88,90,87,93,84,88
Kimia,Lolos,89,94,88,90,89,91
Kimia,Lolos,90,88,86,91,89,87
Kimia,Lolos,96,87,87,86,88,87
Kimia,Lolos,80,87,87,86,88,85
Pendidikan Kimia,Tidak Lolos,82,88,85,80,88,83
Pendidikan Kimia,Tidak Lolos,86,88,80,79,80,86
Pendidikan Kimia,Tidak Lolos,80,88,76,88,80,88
Pendidikan Kimia,Tidak Lolos,87,88,81,80,82,80
Pendidikan Kimia,Tidak Lolos,79,79,81,84,86,80
Pendidikan Kimia,Lolos,80,88,76,88,89,88
Pendidikan Kimia,Lolos,90,88,89,91,94,89
Pendidikan Kimia,Lolos,86,88,91,93,89,88
Pendidikan Kimia,Lolos,88,90,86,91,92,89
Pendidikan Kimia,Lolos,89,87,88,85,89,91
Pendidikan Matematika,Tidak Lolos,80,87,79,77,88,80
Pendidikan Matematika,Tidak Lolos,82,89,81,79,88,79
Pendidikan Matematika,Tidak Lolos,87,89,88,81,80,84
Pendidikan Matematika,Tidak Lolos,82,84,88,78,77,80
Pendidikan Matematika,Tidak Lolos,87,85,89,87,85,88
Pendidikan Matematika,Lolos,89,89,90,92,91,90
Pendidikan Matematika,Lolos,88,87,88,89,93,92
Pendidikan Matematika,Lolos,88,87,90,91,89,88
Pendidikan Matematika,Lolos,90,87,88,89,90,87
Pendidikan Matematika,Lolos,92,87,90,88,87,89
Matematika,Tidak Lolos,88,86,85,87,82,80
Matematika,Tidak Lolos,80,80,88,83,86,90
Matematika,Tidak Lolos,83,88,86,80,85,82
Matematika,Tidak Lolos,88,87,83,82,80,84
Matematika,Tidak Lolos,86,86,80,89,88,80
Matematika,Lolos,86,86,80,93,88,92
Matematika,Lolos,90,87,87,88,81,80
Matematika,Lolos,87,84,81,88,87,90
Matematika,Lolos,89,87,89,86,90,91
Matematika,Lolos,89,92,90,88,94,92
Pendidikan IPA,Tidak Lolos,78,76,77,80,81,79
Pendidikan IPA,Tidak Lolos,87,76,80,78,79,77
Pendidikan IPA,Tidak Lolos,77,70,89,78,79,82
Pendidikan IPA,Tidak Lolos,79,80,84,89,77,89
Pendidikan IPA,Tidak Lolos,87,80,89,88,79,90
Pendidikan IPA,Lolos,79,80,87,89,86,94
Pendidikan IPA,Lolos,91,87,90,86,83,88
Pendidikan IPA,Lolos,83,84,88,90,88,84
Pendidikan IPA,Lolos,87,80,89,88,82,90
Pendidikan IPA,Lolos,89,88,90,89,91,86
Ilmu Lingkungan,Tidak Lolos,85,78,88,85,83,80
Ilmu Lingkungan,Tidak Lolos,77,88,79,80,85,89
Ilmu Lingkungan,Tidak Lolos,76,88,91,82,80,78
Ilmu Lingkungan,Tidak Lolos,87,88,79,82,83,80
Ilmu Lingkungan,Tidak Lolos,79,76,77,80,85,88
Ilmu Lingkungan,Lolos,90,79,80,84,92,80
Ilmu Lingkungan,Lolos,88,90,87,84,91,85
Ilmu Lingkungan,Lolos,86,88,89,91,92,90
Ilmu Lingkungan,Lolos,89,89,93,87,88,90
Ilmu Lingkungan,Lolos,94,93,89,88,91,90
Teknik Informatika,Tidak Lolos,82,87,86,87,88,78
Teknik Informatika,Tidak Lolos,80,83,89,88,81,80
Teknik Informatika,Tidak Lolos,90,87,79,82,85,80
Teknik Informatika,Tidak Lolos,86,87,85,87,86,80
Teknik Informatika,Tidak Lolos,87,87,79,78,85,85
Teknik Informatika,Lolos,88,87,89,92,90,78
Teknik Informatika,Lolos,89,87,85,89,86,80
Teknik Informatika,Lolos,85,87,90,89,93,87
Teknik Informatika,Lolos,95,87,80,88,87,92
Teknik Informatika,Lolos,90,88,91,85,88,97
